Workbook

Sheet Nassau Candy Distributor
A1: Row ID | B1: Order ID | C1: Order Date | D1: Ship Date | E1: Ship Mode | F1: Customer ID | G1: Country/Region | H1: City | I1: State/Province | J1: Postal Code | K1: Division | L1: Region | M1: Product ID | N1: Product Name | O1: Sales | P1: Units | Q1: Gross Profit | R1: Cost
A2: 1 | B2: US-2021-103800-CHO-MIL-31000 | C2: 45294 | D2: 46203 | E2: Standard Class | F2: 103800 | G2: United States | H2: Houston | I2: Texas | J2: 77095 | K2: Chocolate | L2: Interior | M2: CHO-MIL-31000 | N2: Wonka Bar - Milk Chocolate | O2: 6.5 | P2: 2 | Q2: 4.22 | R2: 2.28
A3: 2 | B3: US-2021-112326-CHO-TRI-54000 | C3: 45295 | D3: 46204 | E3: Standard Class | F3: 112326 | G3: United States | H3: Naperville | I3: Illinois | J3: 60540 | K3: Chocolate | L3: Interior | M3: CHO-TRI-54000 | N3: Wonka Bar - Triple Dazzle Caramel | O3: 7.5 | P3: 2 | Q3: 4.9 | R3: 2.6
A4: 3 | B4: US-2021-112326-CHO-NUT-13000 | C4: 45295 | D4: 46204 | E4: Standard Class | F4: 112326 | G4: United States | H4: Naperville | I4: Illinois | J4: 60540 | K4: Chocolate | L4: Interior | M4: CHO-NUT-13000 | N4: Wonka Bar - Nutty Crunch Surprise | O4: 10.47 | P4: 3 | Q4: 7.47 | R4: 3
A5: 4 | B5: US-2021-112326-CHO-SCR-58000 | C5: 45295 | D5: 46204 | E5: Standard Class | F5: 112326 | G5: United States | H5: Naperville | I5: Illinois | J5: 60540 | K5: Chocolate | L5: Interior | M5: CHO-SCR-58000 | N5: Wonka Bar -Scrumdiddlyumptious | O5: 10.8 | P5: 3 | Q5: 7.5 | R5: 3.3
A6: 5 | B6: US-2021-141817-CHO-TRI-54000 | C6: 45296 | D6: 46208 | E6: Standard Class | F6: 141817 | G6: United States | H6: Philadelphia | I6: Pennsylvania | J6: 19143 | K6: Chocolate | L6: Atlantic | M6: CHO-TRI-54000 | N6: Wonka Bar - Triple Dazzle Caramel | O6: 11.25 | P6: 3 | Q6: 7.35 | R6: 3.9
A7: 6 | B7: US-2021-167199-CHO-SCR-58000 | C7: 45297 | D7: 46206 | E7: Standard Class | F7: 167199 | G7: United States | H7: Henderson | I7: Kentucky | J7: 42420 | K7: Chocolate | L7: Gulf | M7: CHO-SCR-58000 | N7: Wonka Bar -Scrumdiddlyumptious | O7: 32.4 | P7: 9 | Q7: 22.5 | R7: 9.9
A8: 7 | B8: US-2021-167199-CHO-TRI-54000 | C8: 45297 | D8: 46206 | E8: Standard Class | F8: 167199 | G8: United States | H8: Henderson | I8: Kentucky | J8: 42420 | K8: Chocolate | L8: Gulf | M8: CHO-TRI-54000 | N8: Wonka Bar - Triple Dazzle Caramel | O8: 7.5 | P8: 2 | Q8: 4.9 | R8: 2.6
A9: 8 | B9: US-2021-106054-CHO-MIL-31000 | C9: 45297 | D9: 46203 | E9: First Class | F9: 106054 | G9: United States | H9: Athens | I9: Georgia | J9: 30605 | K9: Chocolate | L9: Gulf | M9: CHO-MIL-31000 | N9: Wonka Bar - Milk Chocolate | O9: 9.75 | P9: 3 | Q9: 6.33 | R9: 3.42
A10: 9 | B10: US-2021-167199-CHO-NUT-13000 | C10: 45297 | D10: 46206 | E10: Standard Class | F10: 167199 | G10: United States | H10: Henderson | I10: Kentucky | J10: 42420 | K10: Chocolate | L10: Gulf | M10: CHO-NUT-13000 | N10: Wonka Bar - Nutty Crunch Surprise | O10: 6.98 | P10: 2 | Q10: 4.98 | R10: 2
A11: 10 | B11: US-2021-167199-CHO-MIL-31000 | C11: 45297 | D11: 46206 | E11: Standard Class | F11: 167199 | G11: United States | H11: Henderson | I11: Kentucky | J11: 42420 | K11: Chocolate | L11: Gulf | M11: CHO-MIL-31000 | N11: Wonka Bar - Milk Chocolate | O11: 13 | P11: 4 | Q11: 8.44 | R11: 4.56
A12: 11 | B12: US-2021-167199-CHO-MIL-31000 | C12: 45297 | D12: 46206 | E12: Standard Class | F12: 167199 | G12: United States | H12: Henderson | I12: Kentucky | J12: 42420 | K12: Chocolate | L12: Gulf | M12: CHO-MIL-31000 | N12: Wonka Bar - Milk Chocolate | O12: 3.25 | P12: 1 | Q12: 2.11 | R12: 1.14
A13: 12 | B13: US-2021-130813-CHO-MIL-31000 | C13: 45297 | D13: 46204 | E13: Second Class | F13: 130813 | G13: United States | H13: Los Angeles | I13: California | J13: 90049 | K13: Chocolate | L13: Pacific | M13: CHO-MIL-31000 | N13: Wonka Bar - Milk Chocolate | O13: 9.75 | P13: 3 | Q13: 6.33 | R13: 3.42
... A62: 61 | B62: US-2021-110422-CHO-TRI-54000 | C62: 45312 | D62: 46219 | E62: Second Class | F62: 110422 | G62: United States | H62: Miami | I62: Florida | J62: 33180 | K62: Chocolate | L62: Gulf | M62: CHO-TRI-54000 | N62: Wonka Bar - Triple Dazzle Caramel | O62: 11.25 | P62: 3 | Q62: 7.35 | R62: 3.9
A63: 62 | B63: CA-2021-115238-CHO-FUD-51000 | C63: 45312 | D63: 46220 | E63: Standard Class | F63: 115238 | G63: Canada | H63: Toronto | I63: Ontario | J63: M7A | K63: Chocolate | L63: Atlantic | M63: CHO-FUD-51000 | N63: Wonka Bar - Fudge Mallows | O63: 18 | P63: 5 | Q63: 12 | R63: 6
A64: 63 | B64: CA-2021-115238-CHO-MIL-31000 | C64: 45312 | D64: 46220 | E64: Standard Class | F64: 115238 | G64: Canada | H64: Toronto | I64: Ontario | J64: M7A | K64: Chocolate | L64: Atlantic | M64: CHO-MIL-31000 | N64: Wonka Bar - Milk Chocolate | O64: 3.25 | P64: 1 | Q64: 2.11 | R64: 1.14
A65: 64 | B65: CA-2021-115238-CHO-TRI-54000 | C65: 45312 | D65: 46220 | E65: Standard Class | F65: 115238 | G65: Canada | H65: Toronto | I65: Ontario | J65: M7A | K65: Chocolate | L65: Atlantic | M65: CHO-TRI-54000 | N65: Wonka Bar - Triple Dazzle Caramel | O65: 18.75 | P65: 5 | Q65: 12.25 | R65: 6.5
A66: 65 | B66: CA-2021-115238-CHO-FUD-51000 | C66: 45312 | D66: 46220 | E66: Standard Class | F66: 115238 | G66: Canada | H66: Toronto | I66: Ontario | J66: M7A | K66: Chocolate | L66: Atlantic | M66: CHO-FUD-51000 | N66: Wonka Bar - Fudge Mallows | O66: 3.6 | P66: 1 | Q66: 2.4 | R66: 1.2
A67: 66 | B67: CA-2021-115238-CHO-MIL-31000 | C67: 45312 | D67: 46220 | E67: Standard Class | F67: 115238 | G67: Canada | H67: Toronto | I67: Ontario | J67: M7A | K67: Chocolate | L67: Atlantic | M67: CHO-MIL-31000 | N67: Wonka Bar - Milk Chocolate | O67: 32.5 | P67: 10 | Q67: 21.1 | R67: 11.4
A68: 67 | B68: US-2021-146997-CHO-TRI-54000 | C68: 45314 | D68: 46223 | E68: Standard Class | F68: 146997 | G68: United States | H68: Lafayette | I68: Indiana | J68: 47905 | K68: Chocolate | L68: Interior | M68: CHO-TRI-54000 | N68: Wonka Bar - Triple Dazzle Caramel | O68: 11.25 | P68: 3 | Q68: 7.35 | R68: 3.9
A69: 68 | B69: US-2021-102645-CHO-FUD-51000 | C69: 45314 | D69: 46224 | E69: Standard Class | F69: 102645 | G69: United States | H69: Las Vegas | I69: Nevada | J69: 89115 | K69: Chocolate | L69: Pacific | M69: CHO-FUD-51000 | N69: Wonka Bar - Fudge Mallows | O69: 21.6 | P69: 6 | Q69: 14.4 | R69: 7.2
A70: 69 | B70: US-2021-167997-CHO-TRI-54000 | C70: 45317 | D70: 46225 | E70: First Class | F70: 167997 | G70: United States | H70: Rapid City | I70: South Dakota | J70: 57701 | K70: Chocolate | L70: Interior | M70: CHO-TRI-54000 | N70: Wonka Bar - Triple Dazzle Caramel | O70: 7.5 | P70: 2 | Q70: 4.9 | R70: 2.6
A71: 70 | B71: US-2021-155502-CHO-MIL-31000 | C71: 45317 | D71: 46227 | E71: Standard Class | F71: 155502 | G71: United States | H71: Alexandria | I71: Virginia | J71: 22304 | K71: Chocolate | L71: Gulf | M71: CHO-MIL-31000 | N71: Wonka Bar - Milk Chocolate | O71: 9.75 | P71: 3 | Q71: 6.33 | R71: 3.42
A72: 71 | B72: US-2021-155502-CHO-MIL-31000 | C72: 45317 | D72: 46227 | E72: Standard Class | F72: 155502 | G72: United States | H72: Alexandria | I72: Virginia | J72: 22304 | K72: Chocolate | L72: Gulf | M72: CHO-MIL-31000 | N72: Wonka Bar - Milk Chocolate | O72: 9.75 | P72: 3 | Q72: 6.33 | R72: 3.42
A73: 72 | B73: US-2021-167997-CHO-TRI-54000 | C73: 45317 | D73: 46225 | E73: First Class | F73: 167997 | G73: United States | H73: Rapid City | I73: South Dakota | J73: 57701 | K73: Chocolate | L73: Interior | M73: CHO-TRI-54000 | N73: Wonka Bar - Triple Dazzle Caramel | O73: 7.5 | P73: 2 | Q73: 4.9 | R73: 2.6
A74: 73 | B74: US-2021-155502-CHO-MIL-31000 | C74: 45317 | D74: 46227 | E74: Standard Class | F74: 155502 | G74: United States | H74: Alexandria | I74: Virginia | J74: 22304 | K74: Chocolate | L74: Gulf | M74: CHO-MIL-31000 | N74: Wonka Bar - Milk Chocolate | O74: 6.5 | P74: 2 | Q74: 4.22 | R74: 2.28
A75: 74 | B75: US-2021-155502-CHO-TRI-54000 | C75: 45317 | D75: 46227 | E75: Standard Class | F75: 155502 | G75: United States | H75: Alexandria | I75: Virginia | J75: 22304 | K75: Chocolate | L75: Gulf | M75: CHO-TRI-54000 | N75: Wonka Bar - Triple Dazzle Caramel | O75: 11.25 | P75: 3 | Q75: 7.35 | R75: 3.9
A76: 75 | B76: US-2021-155502-CHO-MIL-31000 | C76: 45317 | D76: 46227 | E76: Standard Class | F76: 155502 | G76: United States | H76: Alexandria | I76: Virginia | J76: 22304 | K76: Chocolate | L76: Gulf | M76: CHO-MIL-31000 | N76: Wonka Bar - Milk Chocolate | O76: 26 | P76: 8 | Q76: 16.88 | R76: 9.12
A77: 76 | B77: US-2021-155502-CHO-FUD-51000 | C77: 45317 | D77: 46227 | E77: Standard Class | F77: 155502 | G77: United States | H77: Alexandria | I77: Virginia | J77: 22304 | K77: Chocolate | L77: Gulf | M77: CHO-FUD-51000 | N77: Wonka Bar - Fudge Mallows | O77: 7.2 | P77: 2 | Q77: 4.8 | R77: 2.4
A78: 77 | B78: US-2021-155502-CHO-MIL-31000 | C78: 45317 | D78: 46227 | E78: Standard Class | F78: 155502 | G78: United States | H78: Alexandria | I78: Virginia | J78: 22304 | K78: Chocolate | L78: Gulf | M78: CHO-MIL-31000 | N78: Wonka Bar - Milk Chocolate | O78: 42.25 | P78: 13 | Q78: 27.43 | R78: 14.82
A79: 78 | B79: US-2021-117163-CHO-NUT-13000 | C79: 45318 | D79: 46229 | E79: Standard Class | F79: 117163 | G79: United States | H79: San Diego | I79: California | J79: 92037 | K79: Chocolate | L79: Pacific | M79: CHO-NUT-13000 | N79: Wonka Bar - Nutty Crunch Surprise | O79: 10.47 | P79: 3 | Q79: 7.47 | R79: 3
... A180: 179 | B180: US-2021-114790-CHO-NUT-13000 | C180: 45362 | D180: 46268 | E180: Second Class | F180: 114790 | G180: United States | H180: Richmond | I180: Kentucky | J180: 40475 | K180: Chocolate | L180: Gulf | M180: CHO-NUT-13000 | N180: Wonka Bar - Nutty Crunch Surprise | O180: 10.47 | P180: 3 | Q180: 7.47 | R180: 3
A181: 180 | B181: CA-2021-139675-CHO-SCR-58000 | C181: 45364 | D181: 46273 | E181: Second Class | F181: 139675 | G181: Canada | H181: Calgary | I181: Alberta | J181: T2C | K181: Chocolate | L181: Pacific | M181: CHO-SCR-58000 | N181: Wonka Bar -Scrumdiddlyumptious | O181: 14.4 | P181: 4 | Q181: 10 | R181: 4.4
A182: 181 | B182: CA-2021-139675-CHO-MIL-31000 | C182: 45364 | D182: 46273 | E182: Second Class | F182: 139675 | G182: Canada | H182: Calgary | I182: Alberta | J182: T2C | K182: Chocolate | L182: Pacific | M182: CHO-MIL-31000 | N182: Wonka Bar - Milk Chocolate | O182: 26 | P182: 8 | Q182: 16.88 | R182: 9.12
A183: 182 | B183: US-2021-125521-CHO-FUD-51000 | C183: 45365 | D183: 46274 | E183: Standard Class | F183: 125521 | G183: United States | H183: Chesapeake | I183: Virginia | J183: 23320 | K183: Chocolate | L183: Gulf | M183: CHO-FUD-51000 | N183: Wonka Bar - Fudge Mallows | O183: 14.4 | P183: 4 | Q183: 9.6 | R183: 4.8
A184: 183 | B184: US-2021-157623-CHO-FUD-51000 | C184: 45365 | D184: 46273 | E184: Standard Class | F184: 157623 | G184: United States | H184: Huntington Beach | I184: California | J184: 92646 | K184: Chocolate | L184: Pacific | M184: CHO-FUD-51000 | N184: Wonka Bar - Fudge Mallows | O184: 3.6 | P184: 1 | Q184: 2.4 | R184: 1.2
A185: 184 | B185: US-2021-114510-CHO-NUT-13000 | C185: 45365 | D185: 46274 | E185: Standard Class | F185: 114510 | G185: United States | H185: Logan | I185: Utah | J185: 84321 | K185: Chocolate | L185: Pacific | M185: CHO-NUT-13000 | N185: Wonka Bar - Nutty Crunch Surprise | O185: 13.96 | P185: 4 | Q185: 9.96 | R185: 4
A186: 185 | B186: US-2021-114510-CHO-NUT-13000 | C186: 45365 | D186: 46274 | E186: Standard Class | F186: 114510 | G186: United States | H186: Logan | I186: Utah | J186: 84321 | K186: Chocolate | L186: Pacific | M186: CHO-NUT-13000 | N186: Wonka Bar - Nutty Crunch Surprise | O186: 6.98 | P186: 2 | Q186: 4.98 | R186: 2
A187: 186 | B187: US-2021-100293-CHO-NUT-13000 | C187: 45365 | D187: 46273 | E187: Standard Class | F187: 100293 | G187: United States | H187: Jacksonville | I187: Florida | J187: 32216 | K187: Chocolate | L187: Gulf | M187: CHO-NUT-13000 | N187: Wonka Bar - Nutty Crunch Surprise | O187: 20.94 | P187: 6 | Q187: 14.94 | R187: 6
A188: 187 | B188: US-2021-157623-CHO-NUT-13000 | C188: 45365 | D188: 46273 | E188: Standard Class | F188: 157623 | G188: United States | H188: Huntington Beach | I188: California | J188: 92646 | K188: Chocolate | L188: Pacific | M188: CHO-NUT-13000 | N188: Wonka Bar - Nutty Crunch Surprise | O188: 6.98 | P188: 2 | Q188: 4.98 | R188: 2
A189: 188 | B189: US-2021-152618-OTH-GUM-21000 | C189: 45365 | D189: 46272 | E189: First Class | F189: 152618 | G189: United States | H189: Chicago | I189: Illinois | J189: 60653 | K189: Other | L189: Interior | M189: OTH-GUM-21000 | N189: Wonka Gum | O189: 2.5 | P189: 2 | Q189: 1.3 | R189: 1.2
A190: 189 | B190: US-2021-114510-CHO-TRI-54000 | C190: 45365 | D190: 46274 | E190: Standard Class | F190: 114510 | G190: United States | H190: Logan | I190: Utah | J190: 84321 | K190: Chocolate | L190: Pacific | M190: CHO-TRI-54000 | N190: Wonka Bar - Triple Dazzle Caramel | O190: 3.75 | P190: 1 | Q190: 2.45 | R190: 1.3
A191: 190 | B191: US-2021-114510-CHO-FUD-51000 | C191: 45365 | D191: 46274 | E191: Standard Class | F191: 114510 | G191: United States | H191: Logan | I191: Utah | J191: 84321 | K191: Chocolate | L191: Pacific | M191: CHO-FUD-51000 | N191: Wonka Bar - Fudge Mallows | O191: 7.2 | P191: 2 | Q191: 4.8 | R191: 2.4
A192: 191 | B192: US-2021-114510-CHO-MIL-31000 | C192: 45365 | D192: 46274 | E192: Standard Class | F192: 114510 | G192: United States | H192: Logan | I192: Utah | J192: 84321 | K192: Chocolate | L192: Pacific | M192: CHO-MIL-31000 | N192: Wonka Bar - Milk Chocolate | O192: 39 | P192: 12 | Q192: 25.32 | R192: 13.68
A193: 192 | B193: US-2021-152618-OTH-FIZ-56000 | C193: 45365 | D193: 46272 | E193: First Class | F193: 152618 | G193: United States | H193: Chicago | I193: Illinois | J193: 60653 | K193: Sugar | L193: Interior | M193: OTH-FIZ-56000 | N193: Fizzy Lifting Drinks | O193: 7.5 | P193: 2 | Q193: 4.5 | R193: 3
A194: 193 | B194: US-2021-149958-CHO-SCR-58000 | C194: 45366 | D194: 46274 | E194: Standard Class | F194: 149958 | G194: United States | H194: Tampa | I194: Florida | J194: 33614 | K194: Chocolate | L194: Gulf | M194: CHO-SCR-58000 | N194: Wonka Bar -Scrumdiddlyumptious | O194: 10.8 | P194: 3 | Q194: 7.5 | R194: 3.3
... A450: 449 | B450: US-2021-166086-CHO-MIL-31000 | C450: 45419 | D450: 46328 | E450: Standard Class | F450: 166086 | G450: United States | H450: Lawrence | I450: Massachusetts | J450: 1841 | K450: Chocolate | L450: Atlantic | M450: CHO-MIL-31000 | N450: Wonka Bar - Milk Chocolate | O450: 9.75 | P450: 3 | Q450: 6.33 | R450: 3.42
A451: 450 | B451: CA-2021-166086-CHO-MIL-31000 | C451: 45419 | D451: 46328 | E451: Standard Class | F451: 166086 | G451: Canada | H451: Toronto | I451: Ontario | J451: M3C | K451: Chocolate | L451: Atlantic | M451: CHO-MIL-31000 | N451: Wonka Bar - Milk Chocolate | O451: 13 | P451: 4 | Q451: 8.44 | R451: 4.56
A452: 451 | B452: CA-2021-166086-CHO-NUT-13000 | C452: 45419 | D452: 46328 | E452: Standard Class | F452: 166086 | G452: Canada | H452: Toronto | I452: Ontario | J452: M3C | K452: Chocolate | L452: Atlantic | M452: CHO-NUT-13000 | N452: Wonka Bar - Nutty Crunch Surprise | O452: 6.98 | P452: 2 | Q452: 4.98 | R452: 2
A453: 452 | B453: CA-2021-166086-CHO-SCR-58000 | C453: 45419 | D453: 46328 | E453: Standard Class | F453: 166086 | G453: Canada | H453: Toronto | I453: Ontario | J453: M3C | K453: Chocolate | L453: Atlantic | M453: CHO-SCR-58000 | N453: Wonka Bar -Scrumdiddlyumptious | O453: 10.8 | P453: 3 | Q453: 7.5 | R453: 3.3
A454: 453 | B454: CA-2021-166086-CHO-MIL-31000 | C454: 45419 | D454: 46328 | E454: Standard Class | F454: 166086 | G454: Canada | H454: Toronto | I454: Ontario | J454: M3C | K454: Chocolate | L454: Atlantic | M454: CHO-MIL-31000 | N454: Wonka Bar - Milk Chocolate | O454: 9.75 | P454: 3 | Q454: 6.33 | R454: 3.42
A455: 454 | B455: US-2021-116666-CHO-TRI-54000 | C455: 45420 | D455: 46326 | E455: First Class | F455: 116666 | G455: United States | H455: Philadelphia | I455: Pennsylvania | J455: 19134 | K455: Chocolate | L455: Atlantic | M455: CHO-TRI-54000 | N455: Wonka Bar - Triple Dazzle Caramel | O455: 18.75 | P455: 5 | Q455: 12.25 | R455: 6.5
A456: 455 | B456: US-2021-158771-CHO-MIL-31000 | C456: 45421 | D456: 46325 | E456: Same Day | F456: 158771 | G456: United States | H456: Henderson | I456: Kentucky | J456: 42420 | K456: Chocolate | L456: Gulf | M456: CHO-MIL-31000 | N456: Wonka Bar - Milk Chocolate | O456: 9.75 | P456: 3 | Q456: 6.33 | R456: 3.42
A457: 456 | B457: US-2021-158771-OTH-KAZ-38000 | C457: 45421 | D457: 46325 | E457: Same Day | F457: 158771 | G457: United States | H457: Henderson | I457: Kentucky | J457: 42420 | K457: Other | L457: Gulf | M457: OTH-KAZ-38000 | N457: Kazookles | O457: 16.25 | P457: 5 | Q457: 1.25 | R457: 15
A458: 457 | B458: US-2021-158771-CHO-FUD-51000 | C458: 45421 | D458: 46325 | E458: Same Day | F458: 158771 | G458: United States | H458: Henderson | I458: Kentucky | J458: 42420 | K458: Chocolate | L458: Gulf | M458: CHO-FUD-51000 | N458: Wonka Bar - Fudge Mallows | O458: 25.2 | P458: 7 | Q458: 16.8 | R458: 8.4
A459: 458 | B459: US-2021-158771-CHO-FUD-51000 | C459: 45421 | D459: 46325 | E459: Same Day | F459: 158771 | G459: United States | H459: Henderson | I459: Kentucky | J459: 42420 | K459: Chocolate | L459: Gulf | M459: CHO-FUD-51000 | N459: Wonka Bar - Fudge Mallows | O459: 10.8 | P459: 3 | Q459: 7.2 | R459: 3.6
A460: 459 | B460: US-2021-102071-CHO-NUT-13000 | C460: 45421 | D460: 46331 | E460: Standard Class | F460: 102071 | G460: United States | H460: San Francisco | I460: California | J460: 94110 | K460: Chocolate | L460: Pacific | M460: CHO-NUT-13000 | N460: Wonka Bar - Nutty Crunch Surprise | O460: 10.47 | P460: 3 | Q460: 7.47 | R460: 3
A461: 460 | B461: US-2021-102071-CHO-NUT-13000 | C461: 45421 | D461: 46331 | E461: Standard Class | F461: 102071 | G461: United States | H461: San Francisco | I461: California | J461: 94110 | K461: Chocolate | L461: Pacific | M461: CHO-NUT-13000 | N461: Wonka Bar - Nutty Crunch Surprise | O461: 13.96 | P461: 4 | Q461: 9.96 | R461: 4
A462: 461 | B462: US-2021-114181-CHO-TRI-54000 | C462: 45422 | D462: 46330 | E462: Second Class | F462: 114181 | G462: United States | H462: Philadelphia | I462: Pennsylvania | J462: 19134 | K462: Chocolate | L462: Atlantic | M462: CHO-TRI-54000 | N462: Wonka Bar - Triple Dazzle Caramel | O462: 26.25 | P462: 7 | Q462: 17.15 | R462: 9.1
A463: 462 | B463: US-2021-103310-CHO-FUD-51000 | C463: 45422 | D463: 46331 | E463: Standard Class | F463: 103310 | G463: United States | H463: San Jose | I463: California | J463: 95123 | K463: Chocolate | L463: Pacific | M463: CHO-FUD-51000 | N463: Wonka Bar - Fudge Mallows | O463: 3.6 | P463: 1 | Q463: 2.4 | R463: 1.2
A464: 463 | B464: US-2021-114181-CHO-SCR-58000 | C464: 45422 | D464: 46330 | E464: Second Class | F464: 114181 | G464: United States | H464: Philadelphia | I464: Pennsylvania | J464: 19134 | K464: Chocolate | L464: Atlantic | M464: CHO-SCR-58000 | N464: Wonka Bar -Scrumdiddlyumptious | O464: 18 | P464: 5 | Q464: 12.5 | R464: 5.5
A465: 464 | B465: US-2021-159709-CHO-TRI-54000 | C465: 45422 | D465: 46331 | E465: Standard Class | F465: 159709 | G465: United States | H465: Kent | I465: Washington | J465: 98031 | K465: Chocolate | L465: Pacific | M465: CHO-TRI-54000 | N465: Wonka Bar - Triple Dazzle Caramel | O465: 11.25 | P465: 3 | Q465: 7.35 | R465: 3.9
A466: 465 | B466: US-2021-103310-CHO-TRI-54000 | C466: 45422 | D466: 46331 | E466: Standard Class | F466: 103310 | G466: United States | H466: San Jose | I466: California | J466: 95123 | K466: Chocolate | L466: Pacific | M466: CHO-TRI-54000 | N466: Wonka Bar - Triple Dazzle Caramel | O466: 7.5 | P466: 2 | Q466: 4.9 | R466: 2.6
... A502: 501 | B502: US-2021-130673-CHO-SCR-58000 | C502: 45432 | D502: 46338 | E502: Second Class | F502: 130673 | G502: United States | H502: San Marcos | I502: Texas | J502: 78666 | K502: Chocolate | L502: Interior | M502: CHO-SCR-58000 | N502: Wonka Bar -Scrumdiddlyumptious | O502: 7.2 | P502: 2 | Q502: 5 | R502: 2.2
A503: 502 | B503: CA-2021-166695-CHO-SCR-58000 | C503: 45432 | D503: 46340 | E503: Standard Class | F503: 166695 | G503: Canada | H503: Vancouver | I503: British Columbia | J503: V6Z | K503: Chocolate | L503: Pacific | M503: CHO-SCR-58000 | N503: Wonka Bar -Scrumdiddlyumptious | O503: 28.8 | P503: 8 | Q503: 20 | R503: 8.8
A504: 503 | B504: CA-2021-166695-CHO-FUD-51000 | C504: 45432 | D504: 46340 | E504: Standard Class | F504: 166695 | G504: Canada | H504: Vancouver | I504: British Columbia | J504: V6Z | K504: Chocolate | L504: Pacific | M504: CHO-FUD-51000 | N504: Wonka Bar - Fudge Mallows | O504: 3.6 | P504: 1 | Q504: 2.4 | R504: 1.2
A505: 504 | B505: CA-2021-166695-CHO-TRI-54000 | C505: 45432 | D505: 46340 | E505: Standard Class | F505: 166695 | G505: Canada | H505: Vancouver | I505: British Columbia | J505: V6Z | K505: Chocolate | L505: Pacific | M505: CHO-TRI-54000 | N505: Wonka Bar - Triple Dazzle Caramel | O505: 3.75 | P505: 1 | Q505: 2.45 | R505: 1.3
A506: 505 | B506: US-2021-127166-CHO-TRI-54000 | C506: 45433 | D506: 46339 | E506: Second Class | F506: 127166 | G506: United States | H506: Houston | I506: Texas | J506: 77070 | K506: Chocolate | L506: Interior | M506: CHO-TRI-54000 | N506: Wonka Bar - Triple Dazzle Caramel | O506: 7.5 | P506: 2 | Q506: 4.9 | R506: 2.6
A507: 506 | B507: US-2021-152443-CHO-FUD-51000 | C507: 45433 | D507: 46342 | E507: Standard Class | F507: 152443 | G507: United States | H507: Lawrence | I507: Massachusetts | J507: 1841 | K507: Chocolate | L507: Atlantic | M507: CHO-FUD-51000 | N507: Wonka Bar - Fudge Mallows | O507: 21.6 | P507: 6 | Q507: 14.4 | R507: 7.2
A508: 507 | B508: US-2021-104780-CHO-MIL-31000 | C508: 45433 | D508: 46341 | E508: Standard Class | F508: 104780 | G508: United States | H508: San Diego | I508: California | J508: 92037 | K508: Chocolate | L508: Pacific | M508: CHO-MIL-31000 | N508: Wonka Bar - Milk Chocolate | O508: 26 | P508: 8 | Q508: 16.88 | R508: 9.12
A509: 508 | B509: US-2021-127166-CHO-SCR-58000 | C509: 45433 | D509: 46339 | E509: Second Class | F509: 127166 | G509: United States | H509: Houston | I509: Texas | J509: 77070 | K509: Chocolate | L509: Interior | M509: CHO-SCR-58000 | N509: Wonka Bar -Scrumdiddlyumptious | O509: 10.8 | P509: 3 | Q509: 7.5 | R509: 3.3
A510: 509 | B510: US-2021-152443-CHO-MIL-31000 | C510: 45433 | D510: 46342 | E510: Standard Class | F510: 152443 | G510: United States | H510: Lawrence | I510: Massachusetts | J510: 1841 | K510: Chocolate | L510: Atlantic | M510: CHO-MIL-31000 | N510: Wonka Bar - Milk Chocolate | O510: 22.75 | P510: 7 | Q510: 14.77 | R510: 7.98
A511: 510 | B511: US-2021-117639-CHO-TRI-54000 | C511: 45433 | D511: 46341 | E511: Standard Class | F511: 117639 | G511: United States | H511: Virginia Beach | I511: Virginia | J511: 23464 | K511: Chocolate | L511: Gulf | M511: CHO-TRI-54000 | N511: Wonka Bar - Triple Dazzle Caramel | O511: 26.25 | P511: 7 | Q511: 17.15 | R511: 9.1
A512: 511 | B512: US-2021-127166-CHO-SCR-58000 | C512: 45433 | D512: 46339 | E512: Second Class | F512: 127166 | G512: United States | H512: Houston | I512: Texas | J512: 77070 | K512: Chocolate | L512: Interior | M512: CHO-SCR-58000 | N512: Wonka Bar -Scrumdiddlyumptious | O512: 21.6 | P512: 6 | Q512: 15 | R512: 6.6
A513: 512 | B513: US-2021-127166-CHO-NUT-13000 | C513: 45433 | D513: 46339 | E513: Second Class | F513: 127166 | G513: United States | H513: Houston | I513: Texas | J513: 77070 | K513: Chocolate | L513: Interior | M513: CHO-NUT-13000 | N513: Wonka Bar - Nutty Crunch Surprise | O513: 3.49 | P513: 1 | Q513: 2.49 | R513: 1
A514: 513 | B514: US-2021-152443-CHO-MIL-31000 | C514: 45433 | D514: 46342 | E514: Standard Class | F514: 152443 | G514: United States | H514: Lawrence | I514: Massachusetts | J514: 1841 | K514: Chocolate | L514: Atlantic | M514: CHO-MIL-31000 | N514: Wonka Bar - Milk Chocolate | O514: 9.75 | P514: 3 | Q514: 6.33 | R514: 3.42
A515: 514 | B515: US-2021-117639-CHO-NUT-13000 | C515: 45433 | D515: 46341 | E515: Standard Class | F515: 117639 | G515: United States | H515: Virginia Beach | I515: Virginia | J515: 23464 | K515: Chocolate | L515: Gulf | M515: CHO-NUT-13000 | N515: Wonka Bar - Nutty Crunch Surprise | O515: 10.47 | P515: 3 | Q515: 7.47 | R515: 3
A516: 515 | B516: CA-2021-152443-CHO-FUD-51000 | C516: 45433 | D516: 46342 | E516: Standard Class | F516: 152443 | G516: Canada | H516: Montreal | I516: Quebec | J516: H1A | K516: Chocolate | L516: Atlantic | M516: CHO-FUD-51000 | N516: Wonka Bar - Fudge Mallows | O516: 21.6 | P516: 6 | Q516: 14.4 | R516: 7.2
A517: 516 | B517: CA-2021-152443-CHO-MIL-31000 | C517: 45433 | D517: 46342 | E517: Standard Class | F517: 152443 | G517: Canada | H517: Montreal | I517: Quebec | J517: H1A | K517: Chocolate | L517: Atlantic | M517: CHO-MIL-31000 | N517: Wonka Bar - Milk Chocolate | O517: 22.75 | P517: 7 | Q517: 14.77 | R517: 7.98
A518: 517 | B518: CA-2021-152443-CHO-MIL-31000 | C518: 45433 | D518: 46342 | E518: Standard Class | F518: 152443 | G518: Canada | H518: Montreal | I518: Quebec | J518: H1A | K518: Chocolate | L518: Atlantic | M518: CHO-MIL-31000 | N518: Wonka Bar - Milk Chocolate | O518: 9.75 | P518: 3 | Q518: 6.33 | R518: 3.42
A519: 518 | B519: US-2021-143840-CHO-FUD-51000 | C519: 45434 | D519: 46345 | E519: Standard Class | F519: 143840 | G519: United States | H519: Decatur | I519: Alabama | J519: 35601 | K519: Chocolate | L519: Gulf | M519: CHO-FUD-51000 | N519: Wonka Bar - Fudge Mallows | O519: 7.2 | P519: 2 | Q519: 4.8 | R519: 2.4
A520: 519 | B520: US-2021-143840-CHO-NUT-13000 | C520: 45434 | D520: 46345 | E520: Standard Class | F520: 143840 | G520: United States | H520: Decatur | I520: Alabama | J520: 35601 | K520: Chocolate | L520: Gulf | M520: CHO-NUT-13000 | N520: Wonka Bar - Nutty Crunch Surprise | O520: 3.49 | P520: 1 | Q520: 2.49 | R520: 1
A521: 520 | B521: US-2021-135881-CHO-NUT-13000 | C521: 45435 | D521: 46343 | E521: Standard Class | F521: 135881 | G521: United States | H521: New York City | I521: New York | J521: 10035 | K521: Chocolate | L521: Atlantic | M521: CHO-NUT-13000 | N521: Wonka Bar - Nutty Crunch Surprise | O521: 3.49 | P521: 1 | Q521: 2.49 | R521: 1
A522: 521 | B522: US-2021-105767-CHO-SCR-58000 | C522: 45435 | D522: 46343 | E522: Standard Class | F522: 105767 | G522: United States | H522: Philadelphia | I522: Pennsylvania | J522: 19134 | K522: Chocolate | L522: Atlantic | M522: CHO-SCR-58000 | N522: Wonka Bar -Scrumdiddlyumptious | O522: 32.4 | P522: 9 | Q522: 22.5 | R522: 9.9
A523: 522 | B523: US-2021-135881-CHO-FUD-51000 | C523: 45435 | D523: 46343 | E523: Standard Class | F523: 135881 | G523: United States | H523: New York City | I523: New York | J523: 10035 | K523: Chocolate | L523: Atlantic | M523: CHO-FUD-51000 | N523: Wonka Bar - Fudge Mallows | O523: 18 | P523: 5 | Q523: 12 | R523: 6
A524: 523 | B524: US-2021-105767-CHO-FUD-51000 | C524: 45435 | D524: 46343 | E524: Standard Class | F524: 105767 | G524: United States | H524: Philadelphia | I524: Pennsylvania | J524: 19134 | K524: Chocolate | L524: Atlantic | M524: CHO-FUD-51000 | N524: Wonka Bar - Fudge Mallows | O524: 7.2 | P524: 2 | Q524: 4.8 | R524: 2.4
A525: 524 | B525: US-2021-138513-CHO-TRI-54000 | C525: 45435 | D525: 46343 | E525: Standard Class | F525: 138513 | G525: United States | H525: Bellevue | I525: Washington | J525: 98006 | K525: Chocolate | L525: Pacific | M525: CHO-TRI-54000 | N525: Wonka Bar - Triple Dazzle Caramel | O525: 7.5 | P525: 2 | Q525: 4.9 | R525: 2.6
A526: 525 | B526: US-2021-135881-CHO-TRI-54000 | C526: 45435 | D526: 46343 | E526: Standard Class | F526: 135881 | G526: United States | H526: New York City | I526: New York | J526: 10035 | K526: Chocolate | L526: Atlantic | M526: CHO-TRI-54000 | N526: Wonka Bar - Triple Dazzle Caramel | O526: 7.5 | P526: 2 | Q526: 4.9 | R526: 2.6
A527: 526 | B527: US-2021-105767-CHO-TRI-54000 | C527: 45435 | D527: 46343 | E527: Standard Class | F527: 105767 | G527: United States | H527: Philadelphia | I527: Pennsylvania | J527: 19134 | K527: Chocolate | L527: Atlantic | M527: CHO-TRI-54000 | N527: Wonka Bar - Triple Dazzle Caramel | O527: 7.5 | P527: 2 | Q527: 4.9 | R527: 2.6
A528: 527 | B528: US-2021-143413-CHO-TRI-54000 | C528: 45436 | D528: 46346 | E528: Standard Class | F528: 143413 | G528: United States | H528: Baltimore | I528: Maryland | J528: 21215 | K528: Chocolate | L528: Atlantic | M528: CHO-TRI-54000 | N528: Wonka Bar - Triple Dazzle Caramel | O528: 11.25 | P528: 3 | Q528: 7.35 | R528: 3.9
A529: 528 | B529: US-2021-130379-CHO-MIL-31000 | C529: 45437 | D529: 46345 | E529: Standard Class | F529: 130379 | G529: United States | H529: Chicago | I529: Illinois | J529: 60623 | K529: Chocolate | L529: Interior | M529: CHO-MIL-31000 | N529: Wonka Bar - Milk Chocolate | O529: 6.5 | P529: 2 | Q529: 4.22 | R529: 2.28
A530: 529 | B530: US-2021-130379-CHO-NUT-13000 | C530: 45437 | D530: 46345 | E530: Standard Class | F530: 130379 | G530: United States | H530: Chicago | I530: Illinois | J530: 60623 | K530: Chocolate | L530: Interior | M530: CHO-NUT-13000 | N530: Wonka Bar - Nutty Crunch Surprise | O530: 6.98 | P530: 2 | Q530: 4.98 | R530: 2
... A631: 630 | B631: US-2021-123855-CHO-FUD-51000 | C631: 45461 | D631: 46370 | E631: Standard Class | F631: 123855 | G631: United States | H631: Los Angeles | I631: California | J631: 90036 | K631: Chocolate | L631: Pacific | M631: CHO-FUD-51000 | N631: Wonka Bar - Fudge Mallows | O631: 18 | P631: 5 | Q631: 12 | R631: 6
A632: 631 | B632: CA-2021-184712-CHO-TRI-54000 | C632: 45461 | D632: 46367 | E632: Second Class | F632: 184712 | G632: Canada | H632: Halifax | I632: Nova Scotia | J632: B3H | K632: Chocolate | L632: Atlantic | M632: CHO-TRI-54000 | N632: Wonka Bar - Triple Dazzle Caramel | O632: 11.25 | P632: 3 | Q632: 7.35 | R632: 3.9
A633: 632 | B633: US-2021-166863-CHO-MIL-31000 | C633: 45463 | D633: 46371 | E633: Standard Class | F633: 166863 | G633: United States | H633: Plano | I633: Texas | J633: 75023 | K633: Chocolate | L633: Interior | M633: CHO-MIL-31000 | N633: Wonka Bar - Milk Chocolate | O633: 13 | P633: 4 | Q633: 8.44 | R633: 4.56
A634: 633 | B634: US-2021-112949-CHO-TRI-54000 | C634: 45463 | D634: 46374 | E634: Standard Class | F634: 112949 | G634: United States | H634: Lawton | I634: Oklahoma | J634: 73505 | K634: Chocolate | L634: Interior | M634: CHO-TRI-54000 | N634: Wonka Bar - Triple Dazzle Caramel | O634: 22.5 | P634: 6 | Q634: 14.7 | R634: 7.8
A635: 634 | B635: US-2021-112949-CHO-SCR-58000 | C635: 45463 | D635: 46374 | E635: Standard Class | F635: 112949 | G635: United States | H635: Lawton | I635: Oklahoma | J635: 73505 | K635: Chocolate | L635: Interior | M635: CHO-SCR-58000 | N635: Wonka Bar -Scrumdiddlyumptious | O635: 7.2 | P635: 2 | Q635: 5 | R635: 2.2
A636: 635 | B636: US-2021-166863-CHO-SCR-58000 | C636: 45463 | D636: 46371 | E636: Standard Class | F636: 166863 | G636: United States | H636: Plano | I636: Texas | J636: 75023 | K636: Chocolate | L636: Interior | M636: CHO-SCR-58000 | N636: Wonka Bar -Scrumdiddlyumptious | O636: 14.4 | P636: 4 | Q636: 10 | R636: 4.4
A637: 636 | B637: US-2021-166863-CHO-NUT-13000 | C637: 45463 | D637: 46371 | E637: Standard Class | F637: 166863 | G637: United States | H637: Plano | I637: Texas | J637: 75023 | K637: Chocolate | L637: Interior | M637: CHO-NUT-13000 | N637: Wonka Bar - Nutty Crunch Surprise | O637: 6.98 | P637: 2 | Q637: 4.98 | R637: 2
A638: 637 | B638: US-2021-166863-CHO-FUD-51000 | C638: 45463 | D638: 46371 | E638: Standard Class | F638: 166863 | G638: United States | H638: Plano | I638: Texas | J638: 75023 | K638: Chocolate | L638: Interior | M638: CHO-FUD-51000 | N638: Wonka Bar - Fudge Mallows | O638: 10.8 | P638: 3 | Q638: 7.2 | R638: 3.6
...

Sheet Data_Profile
A1: Field | B1: Data Type | C1: Missing | D1: Unique
A2: Row ID | B2: Integer | C2: =COUNTIF('Nassau Candy Distributor'!A2:A10195,"") -> 0 | D2: {=COUNTA(_xlfn.UNIQUE(_xlfn._xlws.FILTER('Nassau Candy Distributor'!A2:A10195,'Nassau Candy Distributor'!A2:A10195<>"")))} -> 10194
A3: Order ID | B3: Text | C3: =COUNTIF('Nassau Candy Distributor'!B2:B10195,"") -> 0 | D3: {=COUNTA(_xlfn.UNIQUE(_xlfn._xlws.FILTER('Nassau Candy Distributor'!B2:B10195,'Nassau Candy Distributor'!B2:B10195<>"")))} -> 8549
A4: Order Date | B4: Date | C4: =COUNTIF('Nassau Candy Distributor'!C2:C10195,"") -> 0 | D4: {=COUNTA(_xlfn.UNIQUE(_xlfn._xlws.FILTER('Nassau Candy Distributor'!C2:C10195,'Nassau Candy Distributor'!C2:C10195<>"")))} -> 717
A5: Ship Date | B5: Date | C5: =COUNTIF('Nassau Candy Distributor'!D2:D10195,"") -> 0 | D5: {=COUNTA(_xlfn.UNIQUE(_xlfn._xlws.FILTER('Nassau Candy Distributor'!D2:D10195,'Nassau Candy Distributor'!D2:D10195<>"")))} -> 1338
A6: Ship Mode | B6: Text | C6: =COUNTIF('Nassau Candy Distributor'!E2:E10195,"") -> 0 | D6: {=COUNTA(_xlfn.UNIQUE(_xlfn._xlws.FILTER('Nassau Candy Distributor'!E2:E10195,'Nassau Candy Distributor'!E2:E10195<>"")))} -> 4
A7: Customer | B7: Integer | C7: =COUNTIF('Nassau Candy Distributor'!F2:F10195,"") -> 0 | D7: {=COUNTA(_xlfn.UNIQUE(_xlfn._xlws.FILTER('Nassau Candy Distributor'!F2:F10195,'Nassau Candy Distributor'!F2:F10195<>"")))} -> 5044
A8: Country/Region | B8: Text | C8: =COUNTIF('Nassau Candy Distributor'!G2:G10195,"") -> 0 | D8: {=COUNTA(_xlfn.UNIQUE(_xlfn._xlws.FILTER('Nassau Candy Distributor'!G2:G10195,'Nassau Candy Distributor'!G2:G10195<>"")))} -> 2
A9: City | B9: Text | C9: =COUNTIF('Nassau Candy Distributor'!H2:H10195,"") -> 0 | D9: {=COUNTA(_xlfn.UNIQUE(_xlfn._xlws.FILTER('Nassau Candy Distributor'!H2:H10195,'Nassau Candy Distributor'!H2:H10195<>"")))} -> 542
A10: State/Province | B10: Text | C10: =COUNTIF('Nassau Candy Distributor'!I2:I10195,"") -> 0 | D10: {=COUNTA(_xlfn.UNIQUE(_xlfn._xlws.FILTER('Nassau Candy Distributor'!I2:I10195,'Nassau Candy Distributor'!I2:I10195<>"")))} -> 59
A11: Postal Code | B11: Integer | C11: =COUNTIF('Nassau Candy Distributor'!J2:J10195,"") -> 0 | D11: {=COUNTA(_xlfn.UNIQUE(_xlfn._xlws.FILTER('Nassau Candy Distributor'!J2:J10195,'Nassau Candy Distributor'!J2:J10195<>"")))} -> 654
A12: Division | B12: Text | C12: =COUNTIF('Nassau Candy Distributor'!K2:K10195,"") -> 0 | D12: {=COUNTA(_xlfn.UNIQUE(_xlfn._xlws.FILTER('Nassau Candy Distributor'!K2:K10195,'Nassau Candy Distributor'!K2:K10195<>"")))} -> 3
A13: Region | B13: Text | C13: =COUNTIF('Nassau Candy Distributor'!L2:L10195,"") -> 0 | D13: {=COUNTA(_xlfn.UNIQUE(_xlfn._xlws.FILTER('Nassau Candy Distributor'!L2:L10195,'Nassau Candy Distributor'!L2:L10195<>"")))} -> 4
A14: Product ID | B14: Text | C14: =COUNTIF('Nassau Candy Distributor'!M2:M10195,"") -> 0 | D14: {=COUNTA(_xlfn.UNIQUE(_xlfn._xlws.FILTER('Nassau Candy Distributor'!M2:M10195,'Nassau Candy Distributor'!M2:M10195<>"")))} -> 15
A15: Product Name | B15: Text | C15: =COUNTIF('Nassau Candy Distributor'!N2:N10195,"") -> 0 | D15: {=COUNTA(_xlfn.UNIQUE(_xlfn._xlws.FILTER('Nassau Candy Distributor'!N2:N10195,'Nassau Candy Distributor'!N2:N10195<>"")))} -> 15
A16: Sales | B16: Decimal | C16: =COUNTIF('Nassau Candy Distributor'!O2:O10195,"") -> 0 | D16: {=COUNTA(_xlfn.UNIQUE(_xlfn._xlws.FILTER('Nassau Candy Distributor'!O2:O10195,'Nassau Candy Distributor'!O2:O10195<>"")))} -> 88
A17: Unit | B17: Integer | C17: =COUNTIF('Nassau Candy Distributor'!P2:P10195,"") -> 0 | D17: {=COUNTA(_xlfn.UNIQUE(_xlfn._xlws.FILTER('Nassau Candy Distributor'!P2:P10195,'Nassau Candy Distributor'!P2:P10195<>"")))} -> 14
A18: Gross Profit | B18: Decimal | C18: =COUNTIF('Nassau Candy Distributor'!Q2:Q10195,"") -> 0 | D18: {=COUNTA(_xlfn.UNIQUE(_xlfn._xlws.FILTER('Nassau Candy Distributor'!Q2:Q10195,'Nassau Candy Distributor'!Q2:Q10195<>"")))} -> 121
A19: Cost | B19: Decimal | C19: =COUNTIF('Nassau Candy Distributor'!R2:R10195,"") -> 0 | D19: {=COUNTA(_xlfn.UNIQUE(_xlfn._xlws.FILTER('Nassau Candy Distributor'!R2:R10195,'Nassau Candy Distributor'!R2:R10195<>"")))} -> 95

Sheet Pivot_Analysis
A1: Row Labels | B1: Count of Order ID | C1: Sum of Sales | D1: Sum of Units | E1: Sum of Gross Profit
A2: First Class | B2: 1548 | C2: 21319.39 | D2: 5724 | E2: 14011.09
A3: Same Day | B3: 547 | C3: 7113.67 | D3: 1975 | E3: 4700.73
A4: Second Class | B4: 1979 | C4: 27860.22 | D4: 7546 | E4: 18306.52
A5: Standard Class | B5: 6120 | C5: 85490.35 | D5: 23409 | E5: 56424.46
A6: Grand Total | B6: 10194 | C6: 141783.63 | D6: 38654 | E6: 93442.8
A8: Row Labels | B8: Count of Order ID | C8: Sum of Sales | D8: Sum of Units | E8: Sum of Gross Profit
A9: Atlantic | B9: 2986 | C9: 41197.24 | D9: 11159 | E9: 26973.7
A10: Gulf | B10: 1620 | C10: 22247.26 | D10: 6209 | E10: 14700.67
A11: Interior | B11: 2335 | C11: 32037.6 | D11: 8820 | E11: 21282.49
A12: Pacific | B12: 3253 | C12: 46301.53 | D12: 12466 | E12: 30485.94
A13: Grand Total | B13: 10194 | C13: 141783.63 | D13: 38654 | E13: 93442.8
A15: Row Labels | B15: Count of Order ID | C15: Sum of Sales | D15: Sum of Gross Profit
A16: Chocolate | B16: 9844 | C16: 131692.9 | D16: 88824.62
A17: Other | B17: 310 | C17: 9663.25 | D17: 4333.45
A18: Sugar | B18: 40 | C18: 427.48 | D18: 284.73
A19: Grand Total | B19: 10194 | C19: 141783.63 | D19: 93442.8
